[{"id":272927905,"title":"Blog Template","order":1,"templateKey":"blog","customTemplate":false,"customTemplateFilename":null,"pageLinks":[],"dateCreated":"2023-09-24T20:08:24.228Z","dateUpdated":"2023-09-24T20:08:31.097Z","folderId":null,"pageName":"Blog Template","serverPageId":null,"status":2},{"id":917117570,"title":"Post Template","order":2,"templateKey":"post","customTemplate":false,"customTemplateFilename":null,"pageLinks":[],"dateCreated":"2023-09-24T20:08:24.963Z","dateUpdated":"2023-09-24T20:08:31.519Z","folderId":null,"pageName":"Post Template","serverPageId":null,"status":2},{"id":1470111586,"title":"Product List Template","order":3,"templateKey":"products","customTemplate":false,"customTemplateFilename":null,"pageLinks":[],"dateCreated":"2023-09-24T20:08:25.631Z","dateUpdated":"2023-09-24T20:08:31.691Z","folderId":null,"pageName":"Product List Template","serverPageId":null,"status":2},{"id":2303130517,"title":"Product Details Template","order":4,"templateKey":"product","customTemplate":false,"customTemplateFilename":null,"pageLinks":[],"dateCreated":"2023-09-24T20:08:26.307Z","dateUpdated":"2023-09-24T20:08:31.894Z","folderId":null,"pageName":"Product Details Template","serverPageId":null,"status":2},{"id":430825140,"title":"Shopping Cart Template","order":5,"templateKey":"cart","customTemplate":false,"customTemplateFilename":null,"pageLinks":[],"dateCreated":"2023-09-24T20:08:26.837Z","dateUpdated":"2023-09-24T20:08:32.050Z","folderId":null,"pageName":"Shopping Cart Template","serverPageId":null,"status":2},{"id":217705210,"title":"Checkout Template","order":6,"templateKey":"checkout","customTemplate":false,"customTemplateFilename":null,"pageLinks":[],"dateCreated":"2023-09-24T20:08:27.417Z","dateUpdated":"2023-09-24T20:08:32.190Z","folderId":null,"pageName":"Checkout Template","serverPageId":null,"status":2},{"id":23507756,"title":"Login Template","order":7,"templateKey":"login","customTemplate":false,"customTemplateFilename":null,"pageLinks":[],"dateCreated":"2023-09-24T20:08:27.718Z","dateUpdated":"2023-09-24T20:08:32.456Z","folderId":null,"pageName":"Login Template","serverPageId":null,"status":2},{"id":552930748,"title":"Page Password Template","order":8,"templateKey":"password","customTemplate":false,"customTemplateFilename":null,"pageLinks":[],"dateCreated":"2023-09-24T20:08:27.944Z","dateUpdated":"2023-09-24T20:08:32.603Z","folderId":null,"pageName":"Page Password Template","serverPageId":null,"status":2},{"id":2658812870,"title":"404 Not Found Template","order":9,"templateKey":"404","customTemplate":false,"customTemplateFilename":null,"pageLinks":[],"dateCreated":"2023-09-24T20:08:28.128Z","dateUpdated":"2023-09-24T20:08:32.869Z","folderId":null,"pageName":"404 Not Found Template","serverPageId":null,"status":2},{"id":346630806,"title":"Thank You Page Template","order":10,"templateKey":"ThankYou","customTemplate":false,"customTemplateFilename":null,"pageLinks":[],"dateCreated":"2023-09-24T20:08:28.317Z","dateUpdated":"2023-09-24T20:08:33.239Z","folderId":null,"pageName":"Thank You Page Template","serverPageId":null,"status":2},{"id":156668598,"title":"AnaValin","order":102,"templateKey":null,"customTemplate":false,"customTemplateFilename":null,"pageLinks":[],"dateCreated":"2023-09-24T20:21:40.770Z","dateUpdated":"2023-09-25T03:53:58.974Z","folderId":null,"pageName":"AnaValin_156668598","serverPageId":null,"status":2}]